Ano;Mês;"Código ISIC Grupo";"Descrição ISIC Grupo";"Valor FOB (US$)";"Quilograma Líquido"
2023;10;291;"Fabricação de veículos automotores";1104909153;80297338
2023;12;291;"Fabricação de veículos automotores";1102442205;78738883
2023;11;291;"Fabricação de veículos automotores";1094310465;76631519
2023;08;291;"Fabricação de veículos automotores";1003120032;74033172
2023;03;293;"Fabricação de peças e acessórios para veículos automotores";930343646;93396307
2023;08;293;"Fabricação de peças e acessórios para veículos automotores";912874421;94757982
2023;09;291;"Fabricação de veículos automotores";906532752;68513366
2023;05;293;"Fabricação de peças e acessórios para veículos automotores";900426928;91796419
2023;05;291;"Fabricação de veículos automotores";867508099;66231916
2023;03;291;"Fabricação de veículos automotores";841106588;63233418
2023;04;293;"Fabricação de peças e acessórios para veículos automotores";834105442;82976021
2023;10;293;"Fabricação de peças e acessórios para veículos automotores";821419094;88537122
2023;07;291;"Fabricação de veículos automotores";799199559;58443294
2023;06;291;"Fabricação de veículos automotores";793002266;60848593
2023;01;293;"Fabricação de peças e acessórios para veículos automotores";788277819;82787785
2023;11;293;"Fabricação de peças e acessórios para veículos automotores";784226052;82800744
2023;07;293;"Fabricação de peças e acessórios para veículos automotores";782371332;80492903
2023;04;291;"Fabricação de veículos automotores";770048048;56943617
2023;06;293;"Fabricação de peças e acessórios para veículos automotores";762990178;78865727
2023;09;293;"Fabricação de peças e acessórios para veículos automotores";761166621;81271123
2023;02;293;"Fabricação de peças e acessórios para veículos automotores";701075544;73271159
2023;12;293;"Fabricação de peças e acessórios para veículos automotores";660918277;69562680
2023;02;291;"Fabricação de veículos automotores";575057445;44619370
2023;01;291;"Fabricação de veículos automotores";547812823;41682112
2023;01;292;"Fabricação de carroçarias para veículos automóveis; fabricação de reboques e semi-reboques";12818677;3123368
2023;05;292;"Fabricação de carroçarias para veículos automóveis; fabricação de reboques e semi-reboques";12659034;2381062
2023;10;292;"Fabricação de carroçarias para veículos automóveis; fabricação de reboques e semi-reboques";12544365;2162121
2023;07;292;"Fabricação de carroçarias para veículos automóveis; fabricação de reboques e semi-reboques";12444669;2498099
2023;06;292;"Fabricação de carroçarias para veículos automóveis; fabricação de reboques e semi-reboques";10313817;1892566
2023;08;292;"Fabricação de carroçarias para veículos automóveis; fabricação de reboques e semi-reboques";10310406;2311482
2023;09;292;"Fabricação de carroçarias para veículos automóveis; fabricação de reboques e semi-reboques";9168611;2488984
2023;04;292;"Fabricação de carroçarias para veículos automóveis; fabricação de reboques e semi-reboques";8766838;2277121
2023;02;292;"Fabricação de carroçarias para veículos automóveis; fabricação de reboques e semi-reboques";8690216;1563016
2023;12;292;"Fabricação de carroçarias para veículos automóveis; fabricação de reboques e semi-reboques";7990525;2217045
2023;11;292;"Fabricação de carroçarias para veículos automóveis; fabricação de reboques e semi-reboques";7953533;1374733
2023;03;292;"Fabricação de carroçarias para veículos automóveis; fabricação de reboques e semi-reboques";7648297;1811671
2022;08;293;"Fabricação de peças e acessórios para veículos automotores";980495851;103245768
2022;05;293;"Fabricação de peças e acessórios para veículos automotores";977130902;99712892
2022;11;291;"Fabricação de veículos automotores";947360694;74086169
2022;03;293;"Fabricação de peças e acessórios para veículos automotores";935480142;99340497
2022;10;291;"Fabricação de veículos automotores";931338719;74265441
2022;08;291;"Fabricação de veículos automotores";879176070;70817931
2022;07;293;"Fabricação de peças e acessórios para veículos automotores";878652592;93320201
2022;09;293;"Fabricação de peças e acessórios para veículos automotores";855548539;90536163
2022;10;293;"Fabricação de peças e acessórios para veículos automotores";850170889;92348748
2022;06;291;"Fabricação de veículos automotores";822878646;61934121
2022;04;293;"Fabricação de peças e acessórios para veículos automotores";806341193;86107403
2022;11;293;"Fabricação de peças e acessórios para veículos automotores";789347719;84744829
2022;06;293;"Fabricação de peças e acessórios para veículos automotores";783238991;82735102
2022;09;291;"Fabricação de veículos automotores";779352753;64352415
2022;01;293;"Fabricação de peças e acessórios para veículos automotores";752576195;82866832
2022;02;293;"Fabricação de peças e acessórios para veículos automotores";724353446;77433717
2022;12;293;"Fabricação de peças e acessórios para veículos automotores";690605071;72203417
2022;04;291;"Fabricação de veículos automotores";675013252;52685580
2022;12;291;"Fabricação de veículos automotores";648785903;48725141
2022;05;291;"Fabricação de veículos automotores";636014433;49765896
2022;03;291;"Fabricação de veículos automotores";629424802;47862878
2022;07;291;"Fabricação de veículos automotores";598797562;45981186
2022;02;291;"Fabricação de veículos automotores";398374633;31498088
2022;01;291;"Fabricação de veículos automotores";367276271;31914105
2022;09;292;"Fabricação de carroçarias para veículos automóveis; fabricação de reboques e semi-reboques";10948530;3224589
2022;07;292;"Fabricação de carroçarias para veículos automóveis; fabricação de reboques e semi-reboques";10756529;3936778
2022;08;292;"Fabricação de carroçarias para veículos automóveis; fabricação de reboques e semi-reboques";9094867;2737361
2022;03;292;"Fabricação de carroçarias para veículos automóveis; fabricação de reboques e semi-reboques";8991829;2912857
2022;05;292;"Fabricação de carroçarias para veículos automóveis; fabricação de reboques e semi-reboques";7858913;2266028
2022;12;292;"Fabricação de carroçarias para veículos automóveis; fabricação de reboques e semi-reboques";6889562;1909523
2022;01;292;"Fabricação de carroçarias para veículos automóveis; fabricação de reboques e semi-reboques";6826892;1401366
2022;10;292;"Fabricação de carroçarias para veículos automóveis; fabricação de reboques e semi-reboques";6600787;2893849
2022;06;292;"Fabricação de carroçarias para veículos automóveis; fabricação de reboques e semi-reboques";6537048;1824814
2022;11;292;"Fabricação de carroçarias para veículos automóveis; fabricação de reboques e semi-reboques";6185198;1632447
2022;04;292;"Fabricação de carroçarias para veículos automóveis; fabricação de reboques e semi-reboques";6160738;1099528
2022;02;292;"Fabricação de carroçarias para veículos automóveis; fabricação de reboques e semi-reboques";5302760;3120451
2021;03;293;"Fabricação de peças e acessórios para veículos automotores";957083118;104002989
2021;07;293;"Fabricação de peças e acessórios para veículos automotores";847184421;93337980
2021;05;293;"Fabricação de peças e acessórios para veículos automotores";847100032;91567523
2021;04;293;"Fabricação de peças e acessórios para veículos automotores";819399999;85148866
2021;08;293;"Fabricação de peças e acessórios para veículos automotores";811700035;88569050
2021;09;293;"Fabricação de peças e acessórios para veículos automotores";800364513;85151326
2021;06;293;"Fabricação de peças e acessórios para veículos automotores";776999891;84474410
2021;02;293;"Fabricação de peças e acessórios para veículos automotores";751945921;82978638
2021;10;293;"Fabricação de peças e acessórios para veículos automotores";748166299;79740241
2021;11;293;"Fabricação de peças e acessórios para veículos automotores";721802325;78891122
2021;01;293;"Fabricação de peças e acessórios para veículos automotores";718194095;78400821
2021;12;291;"Fabricação de veículos automotores";706917096;60842844
2021;06;291;"Fabricação de veículos automotores";702754914;59403287
2021;11;291;"Fabricação de veículos automotores";679884072;55820903
2021;12;293;"Fabricação de peças e acessórios para veículos automotores";660865964;70916421
2021;10;291;"Fabricação de veículos automotores";622734554;52512563
2021;07;291;"Fabricação de veículos automotores";596845627;50261840
2021;08;291;"Fabricação de veículos automotores";584940157;47004837
2021;05;291;"Fabricação de veículos automotores";555685895;45638399
2021;09;291;"Fabricação de veículos automotores";554501397;46548710
2021;03;291;"Fabricação de veículos automotores";545537843;47796848
2021;04;291;"Fabricação de veículos automotores";529016659;44601531
2021;02;291;"Fabricação de veículos automotores";392440398;34154371
2021;01;291;"Fabricação de veículos automotores";302995570;25873637
2021;04;292;"Fabricação de carroçarias para veículos automóveis; fabricação de reboques e semi-reboques";8218728;3166380
2021;12;292;"Fabricação de carroçarias para veículos automóveis; fabricação de reboques e semi-reboques";7554543;4216052
2021;05;292;"Fabricação de carroçarias para veículos automóveis; fabricação de reboques e semi-reboques";7467633;6019057
2021;07;292;"Fabricação de carroçarias para veículos automóveis; fabricação de reboques e semi-reboques";7321670;2828152
2021;08;292;"Fabricação de carroçarias para veículos automóveis; fabricação de reboques e semi-reboques";6664088;2610544
2021;09;292;"Fabricação de carroçarias para veículos automóveis; fabricação de reboques e semi-reboques";6625873;2642201
2021;03;292;"Fabricação de carroçarias para veículos automóveis; fabricação de reboques e semi-reboques";6451789;3081398
2021;01;292;"Fabricação de carroçarias para veículos automóveis; fabricação de reboques e semi-reboques";5350866;1058414
2021;10;292;"Fabricação de carroçarias para veículos automóveis; fabricação de reboques e semi-reboques";5298065;1917473
2021;06;292;"Fabricação de carroçarias para veículos automóveis; fabricação de reboques e semi-reboques";5101208;3023500
2021;02;292;"Fabricação de carroçarias para veículos automóveis; fabricação de reboques e semi-reboques";4841457;1317228
2021;11;292;"Fabricação de carroçarias para veículos automóveis; fabricação de reboques e semi-reboques";3729555;3221621
2020;11;293;"Fabricação de peças e acessórios para veículos automotores";772582315;85153570
2020;01;293;"Fabricação de peças e acessórios para veículos automotores";750107567;82083320
2020;12;293;"Fabricação de peças e acessórios para veículos automotores";734925769;76499020
2020;03;293;"Fabricação de peças e acessórios para veículos automotores";688347308;71852376
2020;10;293;"Fabricação de peças e acessórios para veículos automotores";618222612;64631885
2020;02;293;"Fabricação de peças e acessórios para veículos automotores";609111285;69084857
2020;10;291;"Fabricação de veículos automotores";483886850;41163398
2020;09;293;"Fabricação de peças e acessórios para veículos automotores";476946814;52962276
2020;11;291;"Fabricação de veículos automotores";470597564;41614306
2020;02;291;"Fabricação de veículos automotores";465575141;37968304
2020;04;293;"Fabricação de peças e acessórios para veículos automotores";464384188;49372538
2020;12;291;"Fabricação de veículos automotores";441622100;39109223
2020;03;291;"Fabricação de veículos automotores";439746681;37101636
2020;01;291;"Fabricação de veículos automotores";438104874;35780126
2020;08;293;"Fabricação de peças e acessórios para veículos automotores";432552075;47660137
2020;09;291;"Fabricação de veículos automotores";417263496;35438807
2020;05;293;"Fabricação de peças e acessórios para veículos automotores";388328051;41833328
2020;07;293;"Fabricação de peças e acessórios para veículos automotores";367710753;40043072
2020;08;291;"Fabricação de veículos automotores";357354950;30323421
2020;06;293;"Fabricação de peças e acessórios para veículos automotores";341586597;36743121
2020;07;291;"Fabricação de veículos automotores";288377144;24957524
2020;04;291;"Fabricação de veículos automotores";233888160;20164142
2020;06;291;"Fabricação de veículos automotores";206644649;17463616
2020;05;291;"Fabricação de veículos automotores";144834345;12575259
2020;02;292;"Fabricação de carroçarias para veículos automóveis; fabricação de reboques e semi-reboques";14195107;2184805
2020;07;292;"Fabricação de carroçarias para veículos automóveis; fabricação de reboques e semi-reboques";12687437;2784255
2020;03;292;"Fabricação de carroçarias para veículos automóveis; fabricação de reboques e semi-reboques";12372193;2858534
2020;04;292;"Fabricação de carroçarias para veículos automóveis; fabricação de reboques e semi-reboques";11699730;2238195
2020;01;292;"Fabricação de carroçarias para veículos automóveis; fabricação de reboques e semi-reboques";11267463;3687011
2020;06;292;"Fabricação de carroçarias para veículos automóveis; fabricação de reboques e semi-reboques";10019590;1983623
2020;10;292;"Fabricação de carroçarias para veículos automóveis; fabricação de reboques e semi-reboques";7476958;1835084
2020;11;292;"Fabricação de carroçarias para veículos automóveis; fabricação de reboques e semi-reboques";6617535;1342303
2020;05;292;"Fabricação de carroçarias para veículos automóveis; fabricação de reboques e semi-reboques";6002210;1863916
2020;09;292;"Fabricação de carroçarias para veículos automóveis; fabricação de reboques e semi-reboques";5331321;1413953
2020;08;292;"Fabricação de carroçarias para veículos automóveis; fabricação de reboques e semi-reboques";4692409;1546670
2020;12;292;"Fabricação de carroçarias para veículos automóveis; fabricação de reboques e semi-reboques";4182275;2417485
2019;04;293;"Fabricação de peças e acessórios para veículos automotores";856379886;91480704
2019;08;293;"Fabricação de peças e acessórios para veículos automotores";836600612;91515585
2019;07;293;"Fabricação de peças e acessórios para veículos automotores";819471526;92467328
2019;05;293;"Fabricação de peças e acessórios para veículos automotores";811677634;91542892
2019;10;293;"Fabricação de peças e acessórios para veículos automotores";791264742;87535975
2019;01;293;"Fabricação de peças e acessórios para veículos automotores";758483784;84992180
2019;09;293;"Fabricação de peças e acessórios para veículos automotores";751529766;81748186
2019;03;293;"Fabricação de peças e acessórios para veículos automotores";742849448;80448008
2019;10;291;"Fabricação de veículos automotores";712523435;57703947
2019;06;293;"Fabricação de peças e acessórios para veículos automotores";698723902;79063335
2019;03;291;"Fabricação de veículos automotores";696782784;58457162
2019;11;291;"Fabricação de veículos automotores";681420962;54191945
2019;05;291;"Fabricação de veículos automotores";678351394;57022188
2019;08;291;"Fabricação de veículos automotores";673713670;55496014
2019;02;293;"Fabricação de peças e acessórios para veículos automotores";671033927;73495044
2019;07;291;"Fabricação de veículos automotores";644613811;52307031
2019;11;293;"Fabricação de peças e acessórios para veículos automotores";638291629;69593424
2019;12;291;"Fabricação de veículos automotores";630672289;49512498
2019;06;291;"Fabricação de veículos automotores";605463774;49651499
2019;09;291;"Fabricação de veículos automotores";586825941;46574084
2019;04;291;"Fabricação de veículos automotores";579957091;46705141
2019;12;293;"Fabricação de peças e acessórios para veículos automotores";496377613;53913987
2019;01;291;"Fabricação de veículos automotores";485506014;39026977
2019;02;291;"Fabricação de veículos automotores";484354820;38744967
2019;05;292;"Fabricação de carroçarias para veículos automóveis; fabricação de reboques e semi-reboques";17739882;2801782
2019;04;292;"Fabricação de carroçarias para veículos automóveis; fabricação de reboques e semi-reboques";17331891;3746728
2019;07;292;"Fabricação de carroçarias para veículos automóveis; fabricação de reboques e semi-reboques";17099016;3173243
2019;06;292;"Fabricação de carroçarias para veículos automóveis; fabricação de reboques e semi-reboques";15067499;3382063
2019;10;292;"Fabricação de carroçarias para veículos automóveis; fabricação de reboques e semi-reboques";14035736;2174991
2019;03;292;"Fabricação de carroçarias para veículos automóveis; fabricação de reboques e semi-reboques";14015234;3654407
2019;12;292;"Fabricação de carroçarias para veículos automóveis; fabricação de reboques e semi-reboques";13121497;4585751
2019;08;292;"Fabricação de carroçarias para veículos automóveis; fabricação de reboques e semi-reboques";12225906;1721796
2019;11;292;"Fabricação de carroçarias para veículos automóveis; fabricação de reboques e semi-reboques";10412650;3019029
2019;02;292;"Fabricação de carroçarias para veículos automóveis; fabricação de reboques e semi-reboques";8603353;2695058
2019;01;292;"Fabricação de carroçarias para veículos automóveis; fabricação de reboques e semi-reboques";8486957;2403110
2019;09;292;"Fabricação de carroçarias para veículos automóveis; fabricação de reboques e semi-reboques";8368853;1798827
2018;08;291;"Fabricação de veículos automotores";928581763;76320306
2018;07;293;"Fabricação de peças e acessórios para veículos automotores";920249827;98803938
2018;08;293;"Fabricação de peças e acessórios para veículos automotores";842643499;93756181
2018;03;293;"Fabricação de peças e acessórios para veículos automotores";830516703;87659749
2018;01;293;"Fabricação de peças e acessórios para veículos automotores";811882644;89575281
2018;10;293;"Fabricação de peças e acessórios para veículos automotores";806638134;87546789
2018;06;293;"Fabricação de peças e acessórios para veículos automotores";803710313;87479839
2018;04;293;"Fabricação de peças e acessórios para veículos automotores";787173617;83384193
2018;06;291;"Fabricação de veículos automotores";784279754;62613055
2018;05;293;"Fabricação de peças e acessórios para veículos automotores";742582485;79186397
2018;04;291;"Fabricação de veículos automotores";735030058;60001480
2018;10;291;"Fabricação de veículos automotores";731423135;63935947
2018;09;291;"Fabricação de veículos automotores";709824862;59470956
2018;09;293;"Fabricação de peças e acessórios para veículos automotores";691295748;74285818
2018;07;291;"Fabricação de veículos automotores";690260386;55331437
2018;11;291;"Fabricação de veículos automotores";686820907;57768381
2018;02;293;"Fabricação de peças e acessórios para veículos automotores";685796709;76475527
2018;11;293;"Fabricação de peças e acessórios para veículos automotores";685324383;74793301
2018;03;291;"Fabricação de veículos automotores";630756797;51830055
2018;05;291;"Fabricação de veículos automotores";621453474;52033980
2018;12;291;"Fabricação de veículos automotores";557298467;45933421
2018;02;291;"Fabricação de veículos automotores";509713128;40219837
2018;12;293;"Fabricação de peças e acessórios para veículos automotores";484640315;51700985
2018;01;291;"Fabricação de veículos automotores";460778583;36538397
2018;11;292;"Fabricação de carroçarias para veículos automóveis; fabricação de reboques e semi-reboques";14893062;2433516
2018;06;292;"Fabricação de carroçarias para veículos automóveis; fabricação de reboques e semi-reboques";14419788;2001400
2018;07;292;"Fabricação de carroçarias para veículos automóveis; fabricação de reboques e semi-reboques";12405855;2209733
2018;08;292;"Fabricação de carroçarias para veículos automóveis; fabricação de reboques e semi-reboques";11877601;3087158
2018;10;292;"Fabricação de carroçarias para veículos automóveis; fabricação de reboques e semi-reboques";11831880;2625588
2018;09;292;"Fabricação de carroçarias para veículos automóveis; fabricação de reboques e semi-reboques";11778226;2911210
2018;04;292;"Fabricação de carroçarias para veículos automóveis; fabricação de reboques e semi-reboques";10510851;2081369
2018;05;292;"Fabricação de carroçarias para veículos automóveis; fabricação de reboques e semi-reboques";10360267;2660406
2018;01;292;"Fabricação de carroçarias para veículos automóveis; fabricação de reboques e semi-reboques";9247580;1534811
2018;03;292;"Fabricação de carroçarias para veículos automóveis; fabricação de reboques e semi-reboques";8762055;1590816
2018;12;292;"Fabricação de carroçarias para veículos automóveis; fabricação de reboques e semi-reboques";6693514;1275705
2018;02;292;"Fabricação de carroçarias para veículos automóveis; fabricação de reboques e semi-reboques";6019571;1217700
2017;08;293;"Fabricação de peças e acessórios para veículos automotores";805866289;90701155
2017;10;293;"Fabricação de peças e acessórios para veículos automotores";768373686;85357756
2017;11;293;"Fabricação de peças e acessórios para veículos automotores";721651613;77866498
2017;07;293;"Fabricação de peças e acessórios para veículos automotores";707228780;79004345
2017;09;293;"Fabricação de peças e acessórios para veículos automotores";688210398;74954781
2017;03;293;"Fabricação de peças e acessórios para veículos automotores";656147601;74229911
2017;05;293;"Fabricação de peças e acessórios para veículos automotores";655703403;74762299
2017;11;291;"Fabricação de veículos automotores";640230445;52029424
2017;06;293;"Fabricação de peças e acessórios para veículos automotores";636829970;70883147
2017;10;291;"Fabricação de veículos automotores";631860268;50606875
2017;05;291;"Fabricação de veículos automotores";598112451;48791909
2017;12;293;"Fabricação de peças e acessórios para veículos automotores";570077214;61007672
2017;04;293;"Fabricação de peças e acessórios para veículos automotores";560732895;64891568
2017;01;293;"Fabricação de peças e acessórios para veículos automotores";558094396;64656569
2017;08;291;"Fabricação de veículos automotores";539348788;43963461
2017;12;291;"Fabricação de veículos automotores";536476928;43712212
2017;06;291;"Fabricação de veículos automotores";529483629;43961760
2017;09;291;"Fabricação de veículos automotores";524908779;41523346
2017;03;291;"Fabricação de veículos automotores";492330828;42264845
2017;02;293;"Fabricação de peças e acessórios para veículos automotores";449429166;53550332
2017;04;291;"Fabricação de veículos automotores";441586225;37597475
2017;07;291;"Fabricação de veículos automotores";437385916;35182377
2017;01;291;"Fabricação de veículos automotores";330735302;28596071
2017;02;291;"Fabricação de veículos automotores";312697359;26647661
2017;06;292;"Fabricação de carroçarias para veículos automóveis; fabricação de reboques e semi-reboques";12977961;2159902
2017;03;292;"Fabricação de carroçarias para veículos automóveis; fabricação de reboques e semi-reboques";11275423;2864332
2017;01;292;"Fabricação de carroçarias para veículos automóveis; fabricação de reboques e semi-reboques";10588528;2574201
2017;11;292;"Fabricação de carroçarias para veículos automóveis; fabricação de reboques e semi-reboques";9631438;2574053
2017;07;292;"Fabricação de carroçarias para veículos automóveis; fabricação de reboques e semi-reboques";9456232;1479865
2017;05;292;"Fabricação de carroçarias para veículos automóveis; fabricação de reboques e semi-reboques";8902638;1405728
2017;04;292;"Fabricação de carroçarias para veículos automóveis; fabricação de reboques e semi-reboques";8887681;1279854
2017;09;292;"Fabricação de carroçarias para veículos automóveis; fabricação de reboques e semi-reboques";7914492;1532640
2017;08;292;"Fabricação de carroçarias para veículos automóveis; fabricação de reboques e semi-reboques";7765355;1812344
2017;10;292;"Fabricação de carroçarias para veículos automóveis; fabricação de reboques e semi-reboques";7579001;1479814
2017;02;292;"Fabricação de carroçarias para veículos automóveis; fabricação de reboques e semi-reboques";6739635;1402828
2017;12;292;"Fabricação de carroçarias para veículos automóveis; fabricação de reboques e semi-reboques";6173213;1044239
2016;08;293;"Fabricação de peças e acessórios para veículos automotores";605588657;71119819
2016;10;293;"Fabricação de peças e acessórios para veículos automotores";596518176;68028920
2016;09;293;"Fabricação de peças e acessórios para veículos automotores";568427563;65265080
2016;11;293;"Fabricação de peças e acessórios para veículos automotores";551583206;63252609
2016;05;293;"Fabricação de peças e acessórios para veículos automotores";539215160;61533360
2016;07;293;"Fabricação de peças e acessórios para veículos automotores";534965483;61880845
2016;11;291;"Fabricação de veículos automotores";529441083;44465844
2016;03;293;"Fabricação de peças e acessórios para veículos automotores";519257449;60048126
2016;06;293;"Fabricação de peças e acessórios para veículos automotores";502584127;58346628
2016;04;293;"Fabricação de peças e acessórios para veículos automotores";497464015;57403143
2016;03;291;"Fabricação de veículos automotores";495874275;40981135
2016;12;291;"Fabricação de veículos automotores";487621230;40607116
2016;12;293;"Fabricação de peças e acessórios para veículos automotores";478727787;54589857
2016;04;291;"Fabricação de veículos automotores";473985011;40492430
2016;05;291;"Fabricação de veículos automotores";458518675;40208821
2016;09;291;"Fabricação de veículos automotores";448348813;36345122
2016;08;291;"Fabricação de veículos automotores";444035279;35788146
2016;06;291;"Fabricação de veículos automotores";438642928;38014211
2016;01;293;"Fabricação de peças e acessórios para veículos automotores";435995642;51518807
2016;10;291;"Fabricação de veículos automotores";432934004;36032039
2016;07;291;"Fabricação de veículos automotores";427469889;35858828
2016;02;293;"Fabricação de peças e acessórios para veículos automotores";390381210;47757471
2016;02;291;"Fabricação de veículos automotores";316555291;25468313
2016;01;291;"Fabricação de veículos automotores";272812309;23903093
2016;07;292;"Fabricação de carroçarias para veículos automóveis; fabricação de reboques e semi-reboques";14296485;2457060
2016;06;292;"Fabricação de carroçarias para veículos automóveis; fabricação de reboques e semi-reboques";13318591;2763578
2016;04;292;"Fabricação de carroçarias para veículos automóveis; fabricação de reboques e semi-reboques";10946536;2407198
2016;11;292;"Fabricação de carroçarias para veículos automóveis; fabricação de reboques e semi-reboques";10888769;2133757
2016;05;292;"Fabricação de carroçarias para veículos automóveis; fabricação de reboques e semi-reboques";10267708;1688273
2016;12;292;"Fabricação de carroçarias para veículos automóveis; fabricação de reboques e semi-reboques";10201169;3189336
2016;08;292;"Fabricação de carroçarias para veículos automóveis; fabricação de reboques e semi-reboques";9724197;3128777
2016;10;292;"Fabricação de carroçarias para veículos automóveis; fabricação de reboques e semi-reboques";7563135;2697442
2016;09;292;"Fabricação de carroçarias para veículos automóveis; fabricação de reboques e semi-reboques";7154650;1528325
2016;03;292;"Fabricação de carroçarias para veículos automóveis; fabricação de reboques e semi-reboques";6124267;1219125
2016;01;292;"Fabricação de carroçarias para veículos automóveis; fabricação de reboques e semi-reboques";5525278;876003
2016;02;292;"Fabricação de carroçarias para veículos automóveis; fabricação de reboques e semi-reboques";3231892;2469997
2015;06;291;"Fabricação de veículos automotores";872251361;70212298
2015;03;291;"Fabricação de veículos automotores";847908854;67043016
2015;04;291;"Fabricação de veículos automotores";801631191;64839622
2015;07;291;"Fabricação de veículos automotores";780351683;64096285
2015;03;293;"Fabricação de peças e acessórios para veículos automotores";699449571;84469853
2015;08;291;"Fabricação de veículos automotores";698507787;59654232
2015;05;291;"Fabricação de veículos automotores";687411723;54286697
2015;04;293;"Fabricação de peças e acessórios para veículos automotores";665699315;78908820
2015;01;293;"Fabricação de peças e acessórios para veículos automotores";649148967;78170092
2015;07;293;"Fabricação de peças e acessórios para veículos automotores";647854467;77595931
2015;10;291;"Fabricação de veículos automotores";611003031;51713011
2015;02;291;"Fabricação de veículos automotores";605923197;46706086
2015;06;293;"Fabricação de peças e acessórios para veículos automotores";602952211;69212552
2015;05;293;"Fabricação de peças e acessórios para veículos automotores";602430321;73665752
2015;08;293;"Fabricação de peças e acessórios para veículos automotores";586818787;68239626
2015;09;293;"Fabricação de peças e acessórios para veículos automotores";574339994;66598851
2015;01;291;"Fabricação de veículos automotores";570384025;44302859
2015;02;293;"Fabricação de peças e acessórios para veículos automotores";569880038;71629009
2015;10;293;"Fabricação de peças e acessórios para veículos automotores";538362749;63242444
2015;09;291;"Fabricação de veículos automotores";534587809;45011545
2015;11;291;"Fabricação de veículos automotores";510906969;42327037
2015;11;293;"Fabricação de peças e acessórios para veículos automotores";490745734;55247162
2015;12;291;"Fabricação de veículos automotores";425038467;36623369
2015;12;293;"Fabricação de peças e acessórios para veículos automotores";329787233;35062291
2015;03;292;"Fabricação de carroçarias para veículos automóveis; fabricação de reboques e semi-reboques";12351164;3099941
2015;07;292;"Fabricação de carroçarias para veículos automóveis; fabricação de reboques e semi-reboques";10988870;2958864
2015;05;292;"Fabricação de carroçarias para veículos automóveis; fabricação de reboques e semi-reboques";10530849;2456131
2015;01;292;"Fabricação de carroçarias para veículos automóveis; fabricação de reboques e semi-reboques";10267998;2166572
2015;06;292;"Fabricação de carroçarias para veículos automóveis; fabricação de reboques e semi-reboques";9259804;2190155
2015;04;292;"Fabricação de carroçarias para veículos automóveis; fabricação de reboques e semi-reboques";8358718;2882329
2015;02;292;"Fabricação de carroçarias para veículos automóveis; fabricação de reboques e semi-reboques";8191742;2581615
2015;08;292;"Fabricação de carroçarias para veículos automóveis; fabricação de reboques e semi-reboques";8055086;1718318
2015;10;292;"Fabricação de carroçarias para veículos automóveis; fabricação de reboques e semi-reboques";6237858;1374129
2015;11;292;"Fabricação de carroçarias para veículos automóveis; fabricação de reboques e semi-reboques";5900686;1999998
2015;09;292;"Fabricação de carroçarias para veículos automóveis; fabricação de reboques e semi-reboques";3962171;1924703
2015;12;292;"Fabricação de carroçarias para veículos automóveis; fabricação de reboques e semi-reboques";2419527;1160291
2014;04;291;"Fabricação de veículos automotores";1142776129;90565546
2014;05;291;"Fabricação de veículos automotores";1141544438;88447544
2014;06;291;"Fabricação de veículos automotores";1104285792;87173180
2014;07;291;"Fabricação de veículos automotores";1088471937;83520647
2014;03;291;"Fabricação de veículos automotores";1073891530;81748849
2014;11;291;"Fabricação de veículos automotores";1043749161;82647541
2014;09;291;"Fabricação de veículos automotores";1034879094;77586642
2014;10;291;"Fabricação de veículos automotores";983293901;76847554
2014;08;291;"Fabricação de veículos automotores";974824521;74949189
2014;01;293;"Fabricação de peças e acessórios para veículos automotores";909480857;107411165
2014;12;291;"Fabricação de veículos automotores";895372357;71466040
2014;08;293;"Fabricação de peças e acessórios para veículos automotores";872650255;99900628
2014;01;291;"Fabricação de veículos automotores";856907270;66796387
2014;04;293;"Fabricação de peças e acessórios para veículos automotores";848113198;96241831
2014;03;293;"Fabricação de peças e acessórios para veículos automotores";836898981;92840193
2014;02;291;"Fabricação de veículos automotores";833304042;63514400
2014;07;293;"Fabricação de peças e acessórios para veículos automotores";804638402;91983318
2014;09;293;"Fabricação de peças e acessórios para veículos automotores";801232812;91301983
2014;10;293;"Fabricação de peças e acessórios para veículos automotores";797672421;88515398
2014;05;293;"Fabricação de peças e acessórios para veículos automotores";783597781;89685617
2014;02;293;"Fabricação de peças e acessórios para veículos automotores";747601183;87950834
2014;06;293;"Fabricação de peças e acessórios para veículos automotores";676749596;75275872
2014;11;293;"Fabricação de peças e acessórios para veículos automotores";608289133;67343928
2014;12;293;"Fabricação de peças e acessórios para veículos automotores";516320714;58196438
2014;08;292;"Fabricação de carroçarias para veículos automóveis; fabricação de reboques e semi-reboques";15096101;2876968
2014;10;292;"Fabricação de carroçarias para veículos automóveis; fabricação de reboques e semi-reboques";13446204;3144904
2014;09;292;"Fabricação de carroçarias para veículos automóveis; fabricação de reboques e semi-reboques";13305490;2707524
2014;06;292;"Fabricação de carroçarias para veículos automóveis; fabricação de reboques e semi-reboques";12692620;1541084
2014;07;292;"Fabricação de carroçarias para veículos automóveis; fabricação de reboques e semi-reboques";10601586;3546797
2014;12;292;"Fabricação de carroçarias para veículos automóveis; fabricação de reboques e semi-reboques";9237664;2807121
2014;11;292;"Fabricação de carroçarias para veículos automóveis; fabricação de reboques e semi-reboques";8852302;1618600
2014;02;292;"Fabricação de carroçarias para veículos automóveis; fabricação de reboques e semi-reboques";8267901;2343676
2014;04;292;"Fabricação de carroçarias para veículos automóveis; fabricação de reboques e semi-reboques";7736062;1224115
2014;05;292;"Fabricação de carroçarias para veículos automóveis; fabricação de reboques e semi-reboques";7682050;1950263
2014;01;292;"Fabricação de carroçarias para veículos automóveis; fabricação de reboques e semi-reboques";7512304;1365541
2014;03;292;"Fabricação de carroçarias para veículos automóveis; fabricação de reboques e semi-reboques";7108635;982506
2013;10;291;"Fabricação de veículos automotores";1513019485;118535882
2013;04;291;"Fabricação de veículos automotores";1373941650;109102280
2013;07;291;"Fabricação de veículos automotores";1338393519;106892805
2013;06;291;"Fabricação de veículos automotores";1330773409;108410344
2013;08;291;"Fabricação de veículos automotores";1227121024;97274561
2013;05;291;"Fabricação de veículos automotores";1217595921;99637087
2013;03;291;"Fabricação de veículos automotores";1102725578;86926486
2013;11;291;"Fabricação de veículos automotores";1081289329;86330659
2013;09;291;"Fabricação de veículos automotores";1081114136;86450058
2013;12;291;"Fabricação de veículos automotores";1063093277;82665035
2013;04;293;"Fabricação de peças e acessórios para veículos automotores";1048242113;118574718
2013;10;293;"Fabricação de peças e acessórios para veículos automotores";1031601736;120078346
2013;08;293;"Fabricação de peças e acessórios para veículos automotores";998430568;116686369
2013;07;293;"Fabricação de peças e acessórios para veículos automotores";956585376;111517191
2013;05;293;"Fabricação de peças e acessórios para veículos automotores";947047850;107247055
2013;09;293;"Fabricação de peças e acessórios para veículos automotores";905610089;106052734
2013;01;291;"Fabricação de veículos automotores";884907934;72233586
2013;03;293;"Fabricação de peças e acessórios para veículos automotores";874362349;99028484
2013;06;293;"Fabricação de peças e acessórios para veículos automotores";870487066;100688706
2013;11;293;"Fabricação de peças e acessórios para veículos automotores";867895833;99669316
2013;01;293;"Fabricação de peças e acessórios para veículos automotores";845566286;93697185
2013;02;291;"Fabricação de veículos automotores";764898967;60161949
2013;02;293;"Fabricação de peças e acessórios para veículos automotores";757356768;84777794
2013;12;293;"Fabricação de peças e acessórios para veículos automotores";620512843;72424858
2013;04;292;"Fabricação de carroçarias para veículos automóveis; fabricação de reboques e semi-reboques";14315039;2465234
2013;06;292;"Fabricação de carroçarias para veículos automóveis; fabricação de reboques e semi-reboques";13317017;1925233
2013;05;292;"Fabricação de carroçarias para veículos automóveis; fabricação de reboques e semi-reboques";12402466;1983212
2013;01;292;"Fabricação de carroçarias para veículos automóveis; fabricação de reboques e semi-reboques";12238590;4356643
2013;03;292;"Fabricação de carroçarias para veículos automóveis; fabricação de reboques e semi-reboques";12035708;2068464
2013;08;292;"Fabricação de carroçarias para veículos automóveis; fabricação de reboques e semi-reboques";11929854;2428008
2013;02;292;"Fabricação de carroçarias para veículos automóveis; fabricação de reboques e semi-reboques";11897901;3176236
2013;10;292;"Fabricação de carroçarias para veículos automóveis; fabricação de reboques e semi-reboques";9347606;1796010
2013;07;292;"Fabricação de carroçarias para veículos automóveis; fabricação de reboques e semi-reboques";8695000;1809701
2013;12;292;"Fabricação de carroçarias para veículos automóveis; fabricação de reboques e semi-reboques";8562043;2254043
2013;11;292;"Fabricação de carroçarias para veículos automóveis; fabricação de reboques e semi-reboques";7466857;1665641
2013;09;292;"Fabricação de carroçarias para veículos automóveis; fabricação de reboques e semi-reboques";7131772;1441340
2012;08;291;"Fabricação de veículos automotores";1376163206;109540705
2012;12;291;"Fabricação de veículos automotores";1307916003;105728701
2012;07;291;"Fabricação de veículos automotores";1269969687;98204204
2012;10;291;"Fabricação de veículos automotores";1256000143;100324263
2012;11;291;"Fabricação de veículos automotores";1246994907;99914489
2012;05;291;"Fabricação de veículos automotores";1176287033;94673688
2012;04;291;"Fabricação de veículos automotores";1136527276;91823071
2012;03;291;"Fabricação de veículos automotores";1112722602;93504765
2012;01;291;"Fabricação de veículos automotores";1045802795;86460348
2012;09;291;"Fabricação de veículos automotores";943909347;75322848
2012;02;291;"Fabricação de veículos automotores";938778870;77429953
2012;10;293;"Fabricação de peças e acessórios para veículos automotores";882234304;97624739
2012;06;291;"Fabricação de veículos automotores";867404157;71329587
2012;08;293;"Fabricação de peças e acessórios para veículos automotores";861996631;95767191
2012;11;293;"Fabricação de peças e acessórios para veículos automotores";832046612;93021804
2012;03;293;"Fabricação de peças e acessórios para veículos automotores";798672717;86063879
2012;07;293;"Fabricação de peças e acessórios para veículos automotores";768273241;85026154
2012;05;293;"Fabricação de peças e acessórios para veículos automotores";764851918;81913077
2012;06;293;"Fabricação de peças e acessórios para veículos automotores";703716292;77605282
2012;04;293;"Fabricação de peças e acessórios para veículos automotores";703369631;74626550
2012;09;293;"Fabricação de peças e acessórios para veículos automotores";699998918;76611787
2012;02;293;"Fabricação de peças e acessórios para veículos automotores";686258815;76353248
2012;01;293;"Fabricação de peças e acessórios para veículos automotores";659876976;71320310
2012;12;293;"Fabricação de peças e acessórios para veículos automotores";610869294;67239289
2012;03;292;"Fabricação de carroçarias para veículos automóveis; fabricação de reboques e semi-reboques";25472865;3747475
2012;08;292;"Fabricação de carroçarias para veículos automóveis; fabricação de reboques e semi-reboques";21841587;3674137
2012;11;292;"Fabricação de carroçarias para veículos automóveis; fabricação de reboques e semi-reboques";19348066;3898212
2012;06;292;"Fabricação de carroçarias para veículos automóveis; fabricação de reboques e semi-reboques";18615581;3335475
2012;05;292;"Fabricação de carroçarias para veículos automóveis; fabricação de reboques e semi-reboques";17491761;3139642
2012;10;292;"Fabricação de carroçarias para veículos automóveis; fabricação de reboques e semi-reboques";17229760;2494615
2012;09;292;"Fabricação de carroçarias para veículos automóveis; fabricação de reboques e semi-reboques";16652156;2707405
2012;02;292;"Fabricação de carroçarias para veículos automóveis; fabricação de reboques e semi-reboques";16250427;3633964
2012;07;292;"Fabricação de carroçarias para veículos automóveis; fabricação de reboques e semi-reboques";15008290;2083322
2012;12;292;"Fabricação de carroçarias para veículos automóveis; fabricação de reboques e semi-reboques";14009838;2389310
2012;04;292;"Fabricação de carroçarias para veículos automóveis; fabricação de reboques e semi-reboques";12757311;1594828
2012;01;292;"Fabricação de carroçarias para veículos automóveis; fabricação de reboques e semi-reboques";7484281;1657628
2011;11;291;"Fabricação de veículos automotores";1867738576;173530710
2011;12;291;"Fabricação de veículos automotores";1603983794;141555124
2011;10;291;"Fabricação de veículos automotores";1432641347;117837819
2011;08;291;"Fabricação de veículos automotores";1428399780;124220127
2011;07;291;"Fabricação de veículos automotores";1294046319;115531961
2011;04;291;"Fabricação de veículos automotores";1291612750;113359239
2011;06;291;"Fabricação de veículos automotores";1241072715;106915511
2011;09;291;"Fabricação de veículos automotores";1174482425;100302661
2011;05;291;"Fabricação de veículos automotores";1123104704;102978081
2011;03;291;"Fabricação de veículos automotores";1076585785;98618290
2011;02;291;"Fabricação de veículos automotores";1012027642;91938381
2011;01;291;"Fabricação de veículos automotores";898363002;83020303
2011;08;293;"Fabricação de peças e acessórios para veículos automotores";878709817;99829142
2011;10;293;"Fabricação de peças e acessórios para veículos automotores";761596561;88107559
2011;03;293;"Fabricação de peças e acessórios para veículos automotores";751787555;83661190
2011;07;293;"Fabricação de peças e acessórios para veículos automotores";747585945;84785775
2011;05;293;"Fabricação de peças e acessórios para veículos automotores";734468480;83413315
2011;09;293;"Fabricação de peças e acessórios para veículos automotores";731553698;83326462
2011;11;293;"Fabricação de peças e acessórios para veículos automotores";730670910;84048284
2011;06;293;"Fabricação de peças e acessórios para veículos automotores";720798792;81095652
2011;04;293;"Fabricação de peças e acessórios para veículos automotores";681377828;76183409
2011;02;293;"Fabricação de peças e acessórios para veículos automotores";597085814;72277470
2011;12;293;"Fabricação de peças e acessórios para veículos automotores";592004382;64800772
2011;01;293;"Fabricação de peças e acessórios para veículos automotores";572805989;66414058
2011;08;292;"Fabricação de carroçarias para veículos automóveis; fabricação de reboques e semi-reboques";22513083;3161925
2011;03;292;"Fabricação de carroçarias para veículos automóveis; fabricação de reboques e semi-reboques";18994666;1876020
2011;10;292;"Fabricação de carroçarias para veículos automóveis; fabricação de reboques e semi-reboques";18656024;2372672
2011;11;292;"Fabricação de carroçarias para veículos automóveis; fabricação de reboques e semi-reboques";17644361;2351697
2011;07;292;"Fabricação de carroçarias para veículos automóveis; fabricação de reboques e semi-reboques";14766196;1802829
2011;12;292;"Fabricação de carroçarias para veículos automóveis; fabricação de reboques e semi-reboques";14657520;3349702
2011;09;292;"Fabricação de carroçarias para veículos automóveis; fabricação de reboques e semi-reboques";13805191;1916309
2011;04;292;"Fabricação de carroçarias para veículos automóveis; fabricação de reboques e semi-reboques";12097748;1189894
2011;05;292;"Fabricação de carroçarias para veículos automóveis; fabricação de reboques e semi-reboques";11927237;1974294
2011;02;292;"Fabricação de carroçarias para veículos automóveis; fabricação de reboques e semi-reboques";11781569;1261219
2011;06;292;"Fabricação de carroçarias para veículos automóveis; fabricação de reboques e semi-reboques";10869230;1486347
2011;01;292;"Fabricação de carroçarias para veículos automóveis; fabricação de reboques e semi-reboques";6045674;1157855
2010;12;291;"Fabricação de veículos automotores";1194671962;108404716
2010;09;291;"Fabricação de veículos automotores";1168913287;101463851
2010;11;291;"Fabricação de veículos automotores";1157629060;104122563
2010;08;291;"Fabricação de veículos automotores";1149025330;103588161
2010;10;291;"Fabricação de veículos automotores";1057833163;93771992
2010;06;291;"Fabricação de veículos automotores";1038119791;92671176
2010;05;291;"Fabricação de veículos automotores";925072582;85768999
2010;07;291;"Fabricação de veículos automotores";914075104;82412777
2010;03;291;"Fabricação de veículos automotores";839762193;80440336
2010;04;291;"Fabricação de veículos automotores";819772181;78032239
2010;01;291;"Fabricação de veículos automotores";671502747;67018924
2010;10;293;"Fabricação de peças e acessórios para veículos automotores";656857751;74757980
2010;08;293;"Fabricação de peças e acessórios para veículos automotores";655211610;77146677
2010;03;293;"Fabricação de peças e acessórios para veículos automotores";633994582;71803886
2010;02;291;"Fabricação de veículos automotores";632305692;60560817
2010;09;293;"Fabricação de peças e acessórios para veículos automotores";629380663;74320770
2010;11;293;"Fabricação de peças e acessórios para veículos automotores";627863216;72076727
2010;07;293;"Fabricação de peças e acessórios para veículos automotores";621719876;77153704
2010;06;293;"Fabricação de peças e acessórios para veículos automotores";586490965;72756096
2010;04;293;"Fabricação de peças e acessórios para veículos automotores";573198103;65652387
2010;05;293;"Fabricação de peças e acessórios para veículos automotores";563344110;67109841
2010;12;293;"Fabricação de peças e acessórios para veículos automotores";520621892;59649986
2010;01;293;"Fabricação de peças e acessórios para veículos automotores";491267765;53244840
2010;02;293;"Fabricação de peças e acessórios para veículos automotores";483890588;54322224
2010;09;292;"Fabricação de carroçarias para veículos automóveis; fabricação de reboques e semi-reboques";12593953;1650040
2010;06;292;"Fabricação de carroçarias para veículos automóveis; fabricação de reboques e semi-reboques";12003710;1949810
2010;05;292;"Fabricação de carroçarias para veículos automóveis; fabricação de reboques e semi-reboques";11834847;1293436
2010;04;292;"Fabricação de carroçarias para veículos automóveis; fabricação de reboques e semi-reboques";10530290;1580057
2010;03;292;"Fabricação de carroçarias para veículos automóveis; fabricação de reboques e semi-reboques";9063289;1460531
2010;08;292;"Fabricação de carroçarias para veículos automóveis; fabricação de reboques e semi-reboques";8743013;968371
2010;11;292;"Fabricação de carroçarias para veículos automóveis; fabricação de reboques e semi-reboques";7824550;883659
2010;10;292;"Fabricação de carroçarias para veículos automóveis; fabricação de reboques e semi-reboques";7581961;936211
2010;07;292;"Fabricação de carroçarias para veículos automóveis; fabricação de reboques e semi-reboques";6919081;1260020
2010;02;292;"Fabricação de carroçarias para veículos automóveis; fabricação de reboques e semi-reboques";6822049;638968
2010;12;292;"Fabricação de carroçarias para veículos automóveis; fabricação de reboques e semi-reboques";5703474;1228919
2010;01;292;"Fabricação de carroçarias para veículos automóveis; fabricação de reboques e semi-reboques";2559439;711070
2009;12;291;"Fabricação de veículos automotores";921701483;90556701
2009;11;291;"Fabricação de veículos automotores";790759582;78197770
2009;10;291;"Fabricação de veículos automotores";777128686;76423829
2009;09;291;"Fabricação de veículos automotores";772969820;74912793
2009;08;291;"Fabricação de veículos automotores";659418121;66516412
2009;06;291;"Fabricação de veículos automotores";632834154;62964845
2009;07;291;"Fabricação de veículos automotores";596057962;61809582
2009;10;293;"Fabricação de peças e acessórios para veículos automotores";541232648;56361585
2009;04;291;"Fabricação de veículos automotores";532481897;49226750
2009;11;293;"Fabricação de peças e acessórios para veículos automotores";520715639;56040230
2009;05;291;"Fabricação de veículos automotores";512092601;49540992
2009;03;291;"Fabricação de veículos automotores";504127787;48121042
2009;09;293;"Fabricação de peças e acessórios para veículos automotores";476505448;49807015
2009;08;293;"Fabricação de peças e acessórios para veículos automotores";458984837;47994427
2009;07;293;"Fabricação de peças e acessórios para veículos automotores";445306741;48847621
2009;12;293;"Fabricação de peças e acessórios para veículos automotores";441077697;48624836
2009;01;291;"Fabricação de veículos automotores";402296179;35683954
2009;06;293;"Fabricação de peças e acessórios para veículos automotores";400594009;43554831
2009;01;293;"Fabricação de peças e acessórios para veículos automotores";349121483;32210468
2009;03;293;"Fabricação de peças e acessórios para veículos automotores";346813719;37431960
2009;05;293;"Fabricação de peças e acessórios para veículos automotores";343120587;37295778
2009;02;291;"Fabricação de veículos automotores";330662636;30469232
2009;04;293;"Fabricação de peças e acessórios para veículos automotores";319372946;36232985
2009;02;293;"Fabricação de peças e acessórios para veículos automotores";262087713;25889273
2009;12;292;"Fabricação de carroçarias para veículos automóveis; fabricação de reboques e semi-reboques";10046782;960820
2009;04;292;"Fabricação de carroçarias para veículos automóveis; fabricação de reboques e semi-reboques";6836417;709279
2009;11;292;"Fabricação de carroçarias para veículos automóveis; fabricação de reboques e semi-reboques";6208260;7426975
2009;09;292;"Fabricação de carroçarias para veículos automóveis; fabricação de reboques e semi-reboques";6113151;841156
2009;06;292;"Fabricação de carroçarias para veículos automóveis; fabricação de reboques e semi-reboques";4110462;552347
2009;03;292;"Fabricação de carroçarias para veículos automóveis; fabricação de reboques e semi-reboques";3963974;1153891
2009;08;292;"Fabricação de carroçarias para veículos automóveis; fabricação de reboques e semi-reboques";3917199;566962
2009;10;292;"Fabricação de carroçarias para veículos automóveis; fabricação de reboques e semi-reboques";3897982;1204899
2009;07;292;"Fabricação de carroçarias para veículos automóveis; fabricação de reboques e semi-reboques";3712168;765042
2009;02;292;"Fabricação de carroçarias para veículos automóveis; fabricação de reboques e semi-reboques";3426533;555965
2009;05;292;"Fabricação de carroçarias para veículos automóveis; fabricação de reboques e semi-reboques";2714847;332271
2009;01;292;"Fabricação de carroçarias para veículos automóveis; fabricação de reboques e semi-reboques";1721322;333264
2008;09;291;"Fabricação de veículos automotores";853814032;79398275
2008;07;291;"Fabricação de veículos automotores";848495129;81366250
2008;10;291;"Fabricação de veículos automotores";805905271;75007351
2008;10;293;"Fabricação de peças e acessórios para veículos automotores";712081063;80512323
2008;11;291;"Fabricação de veículos automotores";686956365;60908870
2008;09;293;"Fabricação de peças e acessórios para veículos automotores";685558045;76129593
2008;07;293;"Fabricação de peças e acessórios para veículos automotores";683059227;76305881
2008;08;291;"Fabricação de veículos automotores";675020476;63804733
2008;05;291;"Fabricação de veículos automotores";643971212;61954404
2008;08;293;"Fabricação de peças e acessórios para veículos automotores";641363793;70694536
2008;06;291;"Fabricação de veículos automotores";616859250;59341373
2008;06;293;"Fabricação de peças e acessórios para veículos automotores";590135918;66513815
2008;05;293;"Fabricação de peças e acessórios para veículos automotores";589928416;65494160
2008;04;291;"Fabricação de veículos automotores";562041745;56010167
2008;04;293;"Fabricação de peças e acessórios para veículos automotores";545021563;62228097
2008;11;293;"Fabricação de peças e acessórios para veículos automotores";533132986;61872312
2008;01;293;"Fabricação de peças e acessórios para veículos automotores";518715712;61603879
2008;03;291;"Fabricação de veículos automotores";516838903;49699847
2008;03;293;"Fabricação de peças e acessórios para veículos automotores";511686698;57392074
2008;02;293;"Fabricação de peças e acessórios para veículos automotores";492491166;58205024
2008;12;291;"Fabricação de veículos automotores";484498382;41412479
2008;01;291;"Fabricação de veículos automotores";453760089;45140185
2008;02;291;"Fabricação de veículos automotores";369334701;34830135
2008;12;293;"Fabricação de peças e acessórios para veículos automotores";327489780;35788376
2008;09;292;"Fabricação de carroçarias para veículos automóveis; fabricação de reboques e semi-reboques";4931094;1359939
2008;08;292;"Fabricação de carroçarias para veículos automóveis; fabricação de reboques e semi-reboques";3743859;439296
2008;10;292;"Fabricação de carroçarias para veículos automóveis; fabricação de reboques e semi-reboques";3713491;897640
2008;11;292;"Fabricação de carroçarias para veículos automóveis; fabricação de reboques e semi-reboques";3408251;568826
2008;05;292;"Fabricação de carroçarias para veículos automóveis; fabricação de reboques e semi-reboques";3278977;563582
2008;06;292;"Fabricação de carroçarias para veículos automóveis; fabricação de reboques e semi-reboques";2713965;443455
2008;07;292;"Fabricação de carroçarias para veículos automóveis; fabricação de reboques e semi-reboques";2592697;382030
2008;12;292;"Fabricação de carroçarias para veículos automóveis; fabricação de reboques e semi-reboques";2583456;355298
2008;04;292;"Fabricação de carroçarias para veículos automóveis; fabricação de reboques e semi-reboques";2171645;199405
2008;02;292;"Fabricação de carroçarias para veículos automóveis; fabricação de reboques e semi-reboques";1731198;363985
2008;03;292;"Fabricação de carroçarias para veículos automóveis; fabricação de reboques e semi-reboques";1731136;120497
2008;01;292;"Fabricação de carroçarias para veículos automóveis; fabricação de reboques e semi-reboques";1100134;449544
2007;10;291;"Fabricação de veículos automotores";570033637;58813860
2007;11;291;"Fabricação de veículos automotores";545358288;55633620
2007;10;293;"Fabricação de peças e acessórios para veículos automotores";523299083;65449407
2007;08;293;"Fabricação de peças e acessórios para veículos automotores";508745160;64391199
2007;11;293;"Fabricação de peças e acessórios para veículos automotores";495693663;62933538
2007;12;291;"Fabricação de veículos automotores";494656760;50415281
2007;08;291;"Fabricação de veículos automotores";447127089;45424763
2007;07;293;"Fabricação de peças e acessórios para veículos automotores";445679955;58653314
2007;09;291;"Fabricação de veículos automotores";445277692;44695031
2007;09;293;"Fabricação de peças e acessórios para veículos automotores";412995766;52201808
2007;05;293;"Fabricação de peças e acessórios para veículos automotores";409251426;53037187
2007;03;293;"Fabricação de peças e acessórios para veículos automotores";394110938;51095675
2007;06;293;"Fabricação de peças e acessórios para veículos automotores";393259476;50402376
2007;06;291;"Fabricação de veículos automotores";377738793;38661622
2007;04;293;"Fabricação de peças e acessórios para veículos automotores";372969295;48701843
2007;07;291;"Fabricação de veículos automotores";365520792;36003493
2007;12;293;"Fabricação de peças e acessórios para veículos automotores";359011769;44934263
2007;03;291;"Fabricação de veículos automotores";334021593;33031433
2007;05;291;"Fabricação de veículos automotores";323118658;31500694
2007;01;293;"Fabricação de peças e acessórios para veículos automotores";313279771;39759077
2007;02;293;"Fabricação de peças e acessórios para veículos automotores";301410620;40470703
2007;04;291;"Fabricação de veículos automotores";291506543;29057347
2007;02;291;"Fabricação de veículos automotores";203512851;19997320
2007;01;291;"Fabricação de veículos automotores";157726839;16614779
2007;11;292;"Fabricação de carroçarias para veículos automóveis; fabricação de reboques e semi-reboques";5937485;553124
2007;08;292;"Fabricação de carroçarias para veículos automóveis; fabricação de reboques e semi-reboques";5145547;465066
2007;07;292;"Fabricação de carroçarias para veículos automóveis; fabricação de reboques e semi-reboques";5099869;446730
2007;10;292;"Fabricação de carroçarias para veículos automóveis; fabricação de reboques e semi-reboques";4856077;377220
2007;05;292;"Fabricação de carroçarias para veículos automóveis; fabricação de reboques e semi-reboques";4450240;497413
2007;04;292;"Fabricação de carroçarias para veículos automóveis; fabricação de reboques e semi-reboques";4252114;528459
2007;12;292;"Fabricação de carroçarias para veículos automóveis; fabricação de reboques e semi-reboques";3619957;825298
2007;06;292;"Fabricação de carroçarias para veículos automóveis; fabricação de reboques e semi-reboques";3436062;303786
2007;03;292;"Fabricação de carroçarias para veículos automóveis; fabricação de reboques e semi-reboques";3183129;345115
2007;09;292;"Fabricação de carroçarias para veículos automóveis; fabricação de reboques e semi-reboques";2738598;255925
2007;01;292;"Fabricação de carroçarias para veículos automóveis; fabricação de reboques e semi-reboques";1923041;173882
2007;02;292;"Fabricação de carroçarias para veículos automóveis; fabricação de reboques e semi-reboques";1843172;265322
2006;08;293;"Fabricação de peças e acessórios para veículos automotores";338030716;46150552
2006;03;293;"Fabricação de peças e acessórios para veículos automotores";325222886;45215677
2006;12;291;"Fabricação de veículos automotores";319700016;32595171
2006;07;293;"Fabricação de peças e acessórios para veículos automotores";314673474;43036042
2006;09;291;"Fabricação de veículos automotores";311223890;30695537
2006;05;293;"Fabricação de peças e acessórios para veículos automotores";309600416;41618202
2006;11;291;"Fabricação de veículos automotores";303092104;30838915
2006;06;293;"Fabricação de peças e acessórios para veículos automotores";301395210;42196008
2006;10;293;"Fabricação de peças e acessórios para veículos automotores";299955470;41647897
2006;04;293;"Fabricação de peças e acessórios para veículos automotores";297704051;41112835
2006;11;293;"Fabricação de peças e acessórios para veículos automotores";297552099;40820680
2006;08;291;"Fabricação de veículos automotores";293762307;28563584
2006;10;291;"Fabricação de veículos automotores";291910147;29447686
2006;07;291;"Fabricação de veículos automotores";284454723;28389306
2006;09;293;"Fabricação de peças e acessórios para veículos automotores";279679650;37788338
2006;06;291;"Fabricação de veículos automotores";270433274;26761286
2006;01;293;"Fabricação de peças e acessórios para veículos automotores";268550240;35915712
2006;12;293;"Fabricação de peças e acessórios para veículos automotores";238827667;32814086
2006;02;293;"Fabricação de peças e acessórios para veículos automotores";236322503;32253372
2006;03;291;"Fabricação de veículos automotores";233190133;23268150
2006;05;291;"Fabricação de veículos automotores";225638027;21868774
2006;04;291;"Fabricação de veículos automotores";213416705;21695878
2006;01;291;"Fabricação de veículos automotores";130130234;13069822
2006;02;291;"Fabricação de veículos automotores";123119105;11758017
2006;09;292;"Fabricação de carroçarias para veículos automóveis; fabricação de reboques e semi-reboques";5228424;1118315
2006;12;292;"Fabricação de carroçarias para veículos automóveis; fabricação de reboques e semi-reboques";3292958;615070
2006;07;292;"Fabricação de carroçarias para veículos automóveis; fabricação de reboques e semi-reboques";3067700;539504
2006;05;292;"Fabricação de carroçarias para veículos automóveis; fabricação de reboques e semi-reboques";2863754;445290
2006;01;292;"Fabricação de carroçarias para veículos automóveis; fabricação de reboques e semi-reboques";2820379;400671
2006;04;292;"Fabricação de carroçarias para veículos automóveis; fabricação de reboques e semi-reboques";2631335;270242
2006;03;292;"Fabricação de carroçarias para veículos automóveis; fabricação de reboques e semi-reboques";2497921;275812
2006;08;292;"Fabricação de carroçarias para veículos automóveis; fabricação de reboques e semi-reboques";1976224;245669
2006;06;292;"Fabricação de carroçarias para veículos automóveis; fabricação de reboques e semi-reboques";1850979;208601
2006;10;292;"Fabricação de carroçarias para veículos automóveis; fabricação de reboques e semi-reboques";1826272;221026
2006;11;292;"Fabricação de carroçarias para veículos automóveis; fabricação de reboques e semi-reboques";1663065;1012334
2006;02;292;"Fabricação de carroçarias para veículos automóveis; fabricação de reboques e semi-reboques";1115366;119449
2005;08;293;"Fabricação de peças e acessórios para veículos automotores";330863178;46804775
2005;03;293;"Fabricação de peças e acessórios para veículos automotores";325168200;45494628
2005;05;293;"Fabricação de peças e acessórios para veículos automotores";322712444;45687988
2005;06;293;"Fabricação de peças e acessórios para veículos automotores";307053034;43562753
2005;04;293;"Fabricação de peças e acessórios para veículos automotores";298677513;41640369
2005;07;293;"Fabricação de peças e acessórios para veículos automotores";288254154;41175624
2005;02;293;"Fabricação de peças e acessórios para veículos automotores";271866413;38762425
2005;01;293;"Fabricação de peças e acessórios para veículos automotores";265707175;37641619
2005;10;293;"Fabricação de peças e acessórios para veículos automotores";259775779;36171762
2005;09;293;"Fabricação de peças e acessórios para veículos automotores";257721502;36474461
2005;11;293;"Fabricação de peças e acessórios para veículos automotores";256291724;37020684
2005;12;293;"Fabricação de peças e acessórios para veículos automotores";213398961;29737400
2005;11;291;"Fabricação de veículos automotores";207177352;21945667
2005;08;291;"Fabricação de veículos automotores";170796799;17546192
2005;03;291;"Fabricação de veículos automotores";169973740;18560954
2005;09;291;"Fabricação de veículos automotores";167676887;17932676
2005;10;291;"Fabricação de veículos automotores";165998912;16986550
2005;05;291;"Fabricação de veículos automotores";162164599;17708955
2005;07;291;"Fabricação de veículos automotores";151892133;17376981
2005;12;291;"Fabricação de veículos automotores";150640455;15084902
2005;06;291;"Fabricação de veículos automotores";146585314;16246976
2005;04;291;"Fabricação de veículos automotores";144339917;16466443
2005;02;291;"Fabricação de veículos automotores";104982616;11697893
2005;01;291;"Fabricação de veículos automotores";85489820;10047721
2005;06;292;"Fabricação de carroçarias para veículos automóveis; fabricação de reboques e semi-reboques";3023322;410402
2005;03;292;"Fabricação de carroçarias para veículos automóveis; fabricação de reboques e semi-reboques";2849361;333752
2005;05;292;"Fabricação de carroçarias para veículos automóveis; fabricação de reboques e semi-reboques";2732752;305938
2005;04;292;"Fabricação de carroçarias para veículos automóveis; fabricação de reboques e semi-reboques";2468781;301018
2005;11;292;"Fabricação de carroçarias para veículos automóveis; fabricação de reboques e semi-reboques";2134197;224920
2005;02;292;"Fabricação de carroçarias para veículos automóveis; fabricação de reboques e semi-reboques";1985781;232637
2005;09;292;"Fabricação de carroçarias para veículos automóveis; fabricação de reboques e semi-reboques";1941652;196629
2005;10;292;"Fabricação de carroçarias para veículos automóveis; fabricação de reboques e semi-reboques";1869240;199505
2005;01;292;"Fabricação de carroçarias para veículos automóveis; fabricação de reboques e semi-reboques";1525962;236816
2005;12;292;"Fabricação de carroçarias para veículos automóveis; fabricação de reboques e semi-reboques";1362006;364870
2005;08;292;"Fabricação de carroçarias para veículos automóveis; fabricação de reboques e semi-reboques";1039150;101854
2005;07;292;"Fabricação de carroçarias para veículos automóveis; fabricação de reboques e semi-reboques";833634;72283
2004;08;293;"Fabricação de peças e acessórios para veículos automotores";272133875;41049622
2004;11;293;"Fabricação de peças e acessórios para veículos automotores";269428121;39296650
2004;07;293;"Fabricação de peças e acessórios para veículos automotores";257879473;38987119
2004;09;293;"Fabricação de peças e acessórios para veículos automotores";255298519;36362579
2004;03;293;"Fabricação de peças e acessórios para veículos automotores";252955112;37776901
2004;06;293;"Fabricação de peças e acessórios para veículos automotores";245584538;36682831
2004;10;293;"Fabricação de peças e acessórios para veículos automotores";245134889;36202276
2004;04;293;"Fabricação de peças e acessórios para veículos automotores";240018855;35370994
2004;05;293;"Fabricação de peças e acessórios para veículos automotores";228003268;34396863
2004;12;293;"Fabricação de peças e acessórios para veículos automotores";223159588;31190947
2004;01;293;"Fabricação de peças e acessórios para veículos automotores";189128643;26661662
2004;02;293;"Fabricação de peças e acessórios para veículos automotores";159617441;25176979
2004;11;291;"Fabricação de veículos automotores";133877009;15887855
2004;09;291;"Fabricação de veículos automotores";116797591;14375025
2004;06;291;"Fabricação de veículos automotores";112562413;13762981
2004;07;291;"Fabricação de veículos automotores";109402533;12951417
2004;08;291;"Fabricação de veículos automotores";104077323;12440171
2004;05;291;"Fabricação de veículos automotores";101340559;12862098
2004;12;291;"Fabricação de veículos automotores";98689124;12373442
2004;03;291;"Fabricação de veículos automotores";98595368;11568530
2004;02;291;"Fabricação de veículos automotores";97826271;13824319
2004;10;291;"Fabricação de veículos automotores";91312419;11411942
2004;04;291;"Fabricação de veículos automotores";85890308;11162980
2004;01;291;"Fabricação de veículos automotores";72446002;8483192
2004;08;292;"Fabricação de carroçarias para veículos automóveis; fabricação de reboques e semi-reboques";2167163;201587
2004;11;292;"Fabricação de carroçarias para veículos automóveis; fabricação de reboques e semi-reboques";1826433;213107
2004;07;292;"Fabricação de carroçarias para veículos automóveis; fabricação de reboques e semi-reboques";1792246;302838
2004;05;292;"Fabricação de carroçarias para veículos automóveis; fabricação de reboques e semi-reboques";1378439;238199
2004;12;292;"Fabricação de carroçarias para veículos automóveis; fabricação de reboques e semi-reboques";1310439;211703
2004;10;292;"Fabricação de carroçarias para veículos automóveis; fabricação de reboques e semi-reboques";1282421;184678
2004;04;292;"Fabricação de carroçarias para veículos automóveis; fabricação de reboques e semi-reboques";1269596;222146
2004;06;292;"Fabricação de carroçarias para veículos automóveis; fabricação de reboques e semi-reboques";1179419;123239
2004;09;292;"Fabricação de carroçarias para veículos automóveis; fabricação de reboques e semi-reboques";739066;87364
2004;03;292;"Fabricação de carroçarias para veículos automóveis; fabricação de reboques e semi-reboques";719514;73147
2004;01;292;"Fabricação de carroçarias para veículos automóveis; fabricação de reboques e semi-reboques";542796;116764
2004;02;292;"Fabricação de carroçarias para veículos automóveis; fabricação de reboques e semi-reboques";496594;76258
2003;05;293;"Fabricação de peças e acessórios para veículos automotores";196732208;29370635
2003;10;293;"Fabricação de peças e acessórios para veículos automotores";192836352;29228117
2003;09;293;"Fabricação de peças e acessórios para veículos automotores";190905064;29902039
2003;07;293;"Fabricação de peças e acessórios para veículos automotores";188431050;28817055
2003;03;293;"Fabricação de peças e acessórios para veículos automotores";182799722;29371323
2003;04;293;"Fabricação de peças e acessórios para veículos automotores";180307627;27983621
2003;08;293;"Fabricação de peças e acessórios para veículos automotores";178039756;27702400
2003;02;293;"Fabricação de peças e acessórios para veículos automotores";169615330;27366693
2003;06;293;"Fabricação de peças e acessórios para veículos automotores";167868744;25645479
2003;01;293;"Fabricação de peças e acessórios para veículos automotores";164166974;24480949
2003;11;293;"Fabricação de peças e acessórios para veículos automotores";158956370;24836667
2003;12;293;"Fabricação de peças e acessórios para veículos automotores";147627282;23025178
2003;01;291;"Fabricação de veículos automotores";128910674;17452918
2003;10;291;"Fabricação de veículos automotores";122472817;13915444
2003;09;291;"Fabricação de veículos automotores";110507969;13148268
2003;04;291;"Fabricação de veículos automotores";96875289;12632897
2003;07;291;"Fabricação de veículos automotores";89803324;10913554
2003;02;291;"Fabricação de veículos automotores";89330173;11241411
2003;08;291;"Fabricação de veículos automotores";81912770;10844839
2003;05;291;"Fabricação de veículos automotores";81394415;10293152
2003;11;291;"Fabricação de veículos automotores";78003727;9099994
2003;12;291;"Fabricação de veículos automotores";74880137;9375471
2003;06;291;"Fabricação de veículos automotores";73033694;9014211
2003;03;291;"Fabricação de veículos automotores";71727301;9297337
2003;11;292;"Fabricação de carroçarias para veículos automóveis; fabricação de reboques e semi-reboques";1185333;113710
2003;09;292;"Fabricação de carroçarias para veículos automóveis; fabricação de reboques e semi-reboques";1119832;206091
2003;10;292;"Fabricação de carroçarias para veículos automóveis; fabricação de reboques e semi-reboques";964380;158754
2003;08;292;"Fabricação de carroçarias para veículos automóveis; fabricação de reboques e semi-reboques";564413;84042
2003;01;292;"Fabricação de carroçarias para veículos automóveis; fabricação de reboques e semi-reboques";548147;285215
2003;05;292;"Fabricação de carroçarias para veículos automóveis; fabricação de reboques e semi-reboques";408945;78870
2003;06;292;"Fabricação de carroçarias para veículos automóveis; fabricação de reboques e semi-reboques";356989;76629
2003;04;292;"Fabricação de carroçarias para veículos automóveis; fabricação de reboques e semi-reboques";252937;54090
2003;03;292;"Fabricação de carroçarias para veículos automóveis; fabricação de reboques e semi-reboques";208869;27862
2003;07;292;"Fabricação de carroçarias para veículos automóveis; fabricação de reboques e semi-reboques";165886;30828
2003;12;292;"Fabricação de carroçarias para veículos automóveis; fabricação de reboques e semi-reboques";111273;14612
2003;02;292;"Fabricação de carroçarias para veículos automóveis; fabricação de reboques e semi-reboques";39145;4464
2002;07;293;"Fabricação de peças e acessórios para veículos automotores";197592369;32190886
2002;08;293;"Fabricação de peças e acessórios para veículos automotores";188302770;29922958
2002;10;293;"Fabricação de peças e acessórios para veículos automotores";180750494;29552905
2002;04;293;"Fabricação de peças e acessórios para veículos automotores";168178038;28055617
2002;05;291;"Fabricação de veículos automotores";163665251;21190416
2002;05;293;"Fabricação de peças e acessórios para veículos automotores";162541569;28008732
2002;11;293;"Fabricação de peças e acessórios para veículos automotores";160209825;26056776
2002;03;293;"Fabricação de peças e acessórios para veículos automotores";153230646;26489580
2002;06;293;"Fabricação de peças e acessórios para veículos automotores";152070770;27262179
2002;09;293;"Fabricação de peças e acessórios para veículos automotores";150619991;23572191
2002;04;291;"Fabricação de veículos automotores";140980463;18978991
2002;02;293;"Fabricação de peças e acessórios para veículos automotores";140173914;24264146
2002;03;291;"Fabricação de veículos automotores";138180949;17999304
2002;07;291;"Fabricação de veículos automotores";138180649;17799182
2002;01;293;"Fabricação de peças e acessórios para veículos automotores";135087514;20786557
2002;12;293;"Fabricação de peças e acessórios para veículos automotores";133106920;22332614
2002;08;291;"Fabricação de veículos automotores";127357857;15809277
2002;10;291;"Fabricação de veículos automotores";109502595;15258684
2002;06;291;"Fabricação de veículos automotores";108893911;14735382
2002;11;291;"Fabricação de veículos automotores";107951640;14707411
2002;01;291;"Fabricação de veículos automotores";102193933;13575828
2002;02;291;"Fabricação de veículos automotores";98693207;12773061
2002;09;291;"Fabricação de veículos automotores";85224681;10575757
2002;12;291;"Fabricação de veículos automotores";66928681;8833914
2002;05;292;"Fabricação de carroçarias para veículos automóveis; fabricação de reboques e semi-reboques";1969234;118172
2002;08;292;"Fabricação de carroçarias para veículos automóveis; fabricação de reboques e semi-reboques";1752755;246673
2002;06;292;"Fabricação de carroçarias para veículos automóveis; fabricação de reboques e semi-reboques";1477560;95585
2002;01;292;"Fabricação de carroçarias para veículos automóveis; fabricação de reboques e semi-reboques";1137539;216962
2002;07;292;"Fabricação de carroçarias para veículos automóveis; fabricação de reboques e semi-reboques";885897;88224
2002;12;292;"Fabricação de carroçarias para veículos automóveis; fabricação de reboques e semi-reboques";540832;101977
2002;03;292;"Fabricação de carroçarias para veículos automóveis; fabricação de reboques e semi-reboques";479975;82012
2002;09;292;"Fabricação de carroçarias para veículos automóveis; fabricação de reboques e semi-reboques";341292;57756
2002;02;292;"Fabricação de carroçarias para veículos automóveis; fabricação de reboques e semi-reboques";268693;43881
2002;11;292;"Fabricação de carroçarias para veículos automóveis; fabricação de reboques e semi-reboques";195976;48066
2002;10;292;"Fabricação de carroçarias para veículos automóveis; fabricação de reboques e semi-reboques";173830;39180
2002;04;292;"Fabricação de carroçarias para veículos automóveis; fabricação de reboques e semi-reboques";168119;45167
2001;04;291;"Fabricação de veículos automotores";265589155;33808331
2001;03;291;"Fabricação de veículos automotores";244558545;31186015
2001;06;291;"Fabricação de veículos automotores";240649518;29450851
2001;05;293;"Fabricação de peças e acessórios para veículos automotores";229777911;36952634
2001;05;291;"Fabricação de veículos automotores";229436998;28489145
2001;03;293;"Fabricação de peças e acessórios para veículos automotores";224663776;36938224
2001;07;291;"Fabricação de veículos automotores";209691518;26397143
2001;01;291;"Fabricação de veículos automotores";209222117;25875969
2001;04;293;"Fabricação de peças e acessórios para veículos automotores";204571539;32660037
2001;02;291;"Fabricação de veículos automotores";191122866;24182413
2001;07;293;"Fabricação de peças e acessórios para veículos automotores";191087735;31628714
2001;08;293;"Fabricação de peças e acessórios para veículos automotores";188243780;29478091
2001;06;293;"Fabricação de peças e acessórios para veículos automotores";187117188;30839400
2001;08;291;"Fabricação de veículos automotores";184719822;23109772
2001;01;293;"Fabricação de peças e acessórios para veículos automotores";175880859;25574280
2001;09;291;"Fabricação de veículos automotores";170143996;21182557
2001;10;291;"Fabricação de veículos automotores";165149420;19070923
2001;02;293;"Fabricação de peças e acessórios para veículos automotores";155197555;24570957
2001;11;291;"Fabricação de veículos automotores";154224018;18073679
2001;10;293;"Fabricação de peças e acessórios para veículos automotores";152323309;25553669
2001;09;293;"Fabricação de peças e acessórios para veículos automotores";139205879;21981741
2001;11;293;"Fabricação de peças e acessórios para veículos automotores";129988963;20173636
2001;12;291;"Fabricação de veículos automotores";113523351;14404648
2001;12;293;"Fabricação de peças e acessórios para veículos automotores";90192750;14113344
2001;03;292;"Fabricação de carroçarias para veículos automóveis; fabricação de reboques e semi-reboques";3160499;721424
2001;04;292;"Fabricação de carroçarias para veículos automóveis; fabricação de reboques e semi-reboques";2642514;532402
2001;06;292;"Fabricação de carroçarias para veículos automóveis; fabricação de reboques e semi-reboques";2428320;513205
2001;11;292;"Fabricação de carroçarias para veículos automóveis; fabricação de reboques e semi-reboques";2210170;485243
2001;07;292;"Fabricação de carroçarias para veículos automóveis; fabricação de reboques e semi-reboques";2019336;530403
2001;05;292;"Fabricação de carroçarias para veículos automóveis; fabricação de reboques e semi-reboques";1803628;412295
2001;02;292;"Fabricação de carroçarias para veículos automóveis; fabricação de reboques e semi-reboques";1801416;381454
2001;01;292;"Fabricação de carroçarias para veículos automóveis; fabricação de reboques e semi-reboques";1672208;324092
2001;08;292;"Fabricação de carroçarias para veículos automóveis; fabricação de reboques e semi-reboques";1623361;460487
2001;12;292;"Fabricação de carroçarias para veículos automóveis; fabricação de reboques e semi-reboques";1449014;260708
2001;10;292;"Fabricação de carroçarias para veículos automóveis; fabricação de reboques e semi-reboques";1360641;340037
2001;09;292;"Fabricação de carroçarias para veículos automóveis; fabricação de reboques e semi-reboques";1204777;316191
2000;09;291;"Fabricação de veículos automotores";307998973;38815260
2000;11;291;"Fabricação de veículos automotores";245047702;31111226
2000;12;291;"Fabricação de veículos automotores";240427997;29315862
2000;08;291;"Fabricação de veículos automotores";235774994;30190486
2000;08;293;"Fabricação de peças e acessórios para veículos automotores";227452084;35167524
2000;10;291;"Fabricação de veículos automotores";219608499;27824709
2000;07;291;"Fabricação de veículos automotores";216452144;27149626
2000;07;293;"Fabricação de peças e acessórios para veículos automotores";210902781;32658565
2000;05;293;"Fabricação de peças e acessórios para veículos automotores";206102625;33265379
2000;06;293;"Fabricação de peças e acessórios para veículos automotores";204042569;31870244
2000;06;291;"Fabricação de veículos automotores";198933081;25209022
2000;09;293;"Fabricação de peças e acessórios para veículos automotores";195059746;31434531
2000;05;291;"Fabricação de veículos automotores";186121933;22800384
2000;11;293;"Fabricação de peças e acessórios para veículos automotores";176245480;28524713
2000;10;293;"Fabricação de peças e acessórios para veículos automotores";173708196;28183090
2000;03;293;"Fabricação de peças e acessórios para veículos automotores";172885515;25602362
2000;04;293;"Fabricação de peças e acessórios para veículos automotores";170813210;25596716
2000;02;293;"Fabricação de peças e acessórios para veículos automotores";167458770;24027781
2000;04;291;"Fabricação de veículos automotores";152963330;19407201
2000;03;291;"Fabricação de veículos automotores";151206358;18745565
2000;12;293;"Fabricação de peças e acessórios para veículos automotores";128638925;20205316
2000;01;293;"Fabricação de peças e acessórios para veículos automotores";119118722;15990876
2000;02;291;"Fabricação de veículos automotores";111637486;14884175
2000;01;291;"Fabricação de veículos automotores";81490934;9735680
2000;03;292;"Fabricação de carroçarias para veículos automóveis; fabricação de reboques e semi-reboques";3836950;1049846
2000;09;292;"Fabricação de carroçarias para veículos automóveis; fabricação de reboques e semi-reboques";2592449;670996
2000;10;292;"Fabricação de carroçarias para veículos automóveis; fabricação de reboques e semi-reboques";2428590;464838
2000;06;292;"Fabricação de carroçarias para veículos automóveis; fabricação de reboques e semi-reboques";2325363;414888
2000;08;292;"Fabricação de carroçarias para veículos automóveis; fabricação de reboques e semi-reboques";2319092;425405
2000;07;292;"Fabricação de carroçarias para veículos automóveis; fabricação de reboques e semi-reboques";2160683;383720
2000;05;292;"Fabricação de carroçarias para veículos automóveis; fabricação de reboques e semi-reboques";1865707;346761
2000;11;292;"Fabricação de carroçarias para veículos automóveis; fabricação de reboques e semi-reboques";1827366;404728
2000;02;292;"Fabricação de carroçarias para veículos automóveis; fabricação de reboques e semi-reboques";1805655;338596
2000;04;292;"Fabricação de carroçarias para veículos automóveis; fabricação de reboques e semi-reboques";1533875;319204
2000;12;292;"Fabricação de carroçarias para veículos automóveis; fabricação de reboques e semi-reboques";1513904;307910
2000;01;292;"Fabricação de carroçarias para veículos automóveis; fabricação de reboques e semi-reboques";1161293;226287
